S.N,Name:-,Contact:-,Address:-,
1,Mega 24 Seven Grocery Store,9696439911,"V28F+HW8, Kathauta Chauraha Rd, beside Ulta Pulta, Vijayant Khand, Gomti Nagar, Lucknow, Uttar Pradesh 226010",
2,Kid's N Cupid,8318173404,"638/k234/001, Manas Enclave Mai Gate , Kharagpur, Faridi nagar , Lucknow , Uttar Pradesh",226015
3,Eat N Drive Cafe,9918973333,"13,187,Indira Nagar RD. Sector-14, Indira Nagar , Lucknow , Uttar Pradesh 226016",
4,Manas Mahal Sweet And Treat,9415123010,"297 Savitri Market , Manas Enclave , Indira Nagar , Lucknow , Uttar Pradeh 226016",
5,Cafe WTF,9455290339,"D-2212,Indira Nagar Main Road, Sector-8, Indira Nagar , Lucknow , Uttar Pradesh 226016",
6,The Porch Cafe & Bistro,7071704411,"Harihar Nagar , Kamta , Lucknow , Uttar Pradesh 226010",
7,Cafe Sip & Snack,8299552709,"9/10, Arvindo Park RD. , Munshi Puliya, Sector-9, Indira Nagar , Lucknow , Uttar Pradesh 226016",
8,Coffee Dude,9838336014,"B-5/156, Church RD. , Sector-5, Indira Nagart , Lucknow , Uttar Pradesh 226016",
9,The Garage Cafe,9838888655,"2nd Floor . Plop No.6 , Priti Vihar , Surender Nagar , Lucknow, Uttar Pradesh 226028",
10,Boom Boom Cafe,8730542849,"Polythechnic Chauraha , Vibhuti Khand , Indira Nagar , Lucknow , Uttar Pradesh 226016",
11,HookUp Cafe/Resto./Music,7570001958,"8-3/10, OOP, Surya Viewe Apartment, Chinhat Tiraha, Gomti Nagar , Lucknow , Uttar Pradesh 226010",
12,Bae House Cafe,7991272704,"624R/282, Next To Hyatt Regency , Vibhuti khand , Gomti Nagar , Lucknow , Uttar Pradesh 226010",
13,Ketli Tea Bar & Garden,7905450028,"C1026, Church RD. , Indira","Nagar , Lucknow , Uttar Pradesh 226016"
14,Free Spirit Cafe & Restaurants,8175956711,"Mandi Parishad , VIjaypur Village , Gomti Nagar , Lucknow , Uttar Pradesh 226010",
15,Swagger Cafe And Launge,9838393393,"Old Amity Campus , 3/25 , Vinamra Khand , Gomti Nagar , Lucknow , Uttar Pradesh 226010",
16,Irani Kafe 2.7,9151133343,"A1 , 22, Patrakar Puram RD. , Vikram Khand , Gomti Nagar , Lucknow , Uttar Pradesh 226010",
17,ICDC-Influence Car Dining Cafe,7082942513,"Kisan Bazar , K-35, Vibhuti Khand , Gomti Nagar , Lucknow , Uttar Pradesh 226010",
18,Morning Brew Cafe,8957492326,"Khasra No. 86SA Ramaasre Purwa , Geeta Puri , Kharagpur , Gomti Nagar , Lucknow , Uttar Pradesh 226010",
19,Loafee,7082942513,"Kisan Bazar,C-4, Opposite Dayal Gateway Hotel , Vibhuti Khand , Gomti Nagar, Lucknow ,Uttar Pradesh 226010",
20,Vintage Machine,9919111155,"3/11 Patrakarpuram Crossing RD. , Patrakarpuram, Gomti Nagar , Lucknow , Uttar Pradesh 226010",
21,The Chocolate Cafe,7880422852,"1,1023,Vishal Khand ,","Gomti Nagar , Lucknow , Uttar Pradeh 226010"
22,Fashion TV Cafe,7617008600,"A12 Kisan Bazar , Opposite Cinepolis Mall Vibhuti Khand , Gomti Nagar , Lucknow ,Uttar Pradesh 226010",
23,Arya Mart,9807255215,"10/706, Jama Masjid RD. ,Sector-10, Indira Nagar , Lucknow , Uttar Pradesh 226016",
24,Lucknow Store,8881999204,"Picnic Spot Road , Khurram Nagar , OOP. Fatimi Masjid ,Sector-8 , Nagar Nagar, Lucknow , Uttar Pradesh 226022",
25,Family Store,9336482353,"102,sector-9 , Indira Nagar , Lucknow , Uttar Pradesh 226016",
26,Sri Bala Ji Mart,8840664625,"1 Bala Ji Market, Indira Nagar , Lucknow , Uttar Pradesh 226016",
27,SL Departmental Store,5222304184,"4/407,Vivek Khand , Gomti Nagar , Lucknow , Uttar Pradesh 226010",
28,Aryan Hazratganj,0522 223 6000,"Bhanumati Rd, 90, Mahatma Gandhi Marg, opp. Raj Bhawan, Raj Bhavan Colony, Hazratganj, Lucknow, Uttar Pradesh 226001",
29,Silver Spoon,0522 423 1111,"Sapru Marg, Prem Nagar, Hazratganj, Lucknow, Uttar Pradesh 226001",
30,The Late 90s Restaurant & Lounge,0522 434 9955,"No. 11, Habibullah Estate, MG Road, Halwasiya Market, Hazratganj, Lucknow, Uttar Pradesh 226001",
31,Marksmen,0522 404 8133,"2&3, Maqbara Rd, Hazratganj, Lucknow, Uttar Pradesh 226001",
32,Cafe By Default,070541 77770,"11, Mahatma Gandhi Marg, Hazratganj, Lucknow, Uttar Pradesh 226001",
33,Home Sweet Home,099580 95393,"3rd floor, Halwasiya House, 11, M. G. Road, Hazratganj, Lucknow, Uttar Pradesh 226001",
34,Curry Leaf Hazratganj,94155 00056,"Shop 3, Mahatma Gandhi Marg, near Shree Hanuman Temple, Block E, जयनगर 3rd Þलॉक ई￨ट, Hazratganj, Lucknow, Uttar Pradesh 226001",
35,Falak Numa Restaurant,0522 262 0131,"Hotel Clarks Avadh, 8, Mahatma Gandhi Marg, Hazratganj, Lucknow, Uttar Pradesh 226001",
36,The Terrace,0522 400 5678,"Habibullah Estate Rd, Near Halwasiya House, 11 M. G. Marg, Proposed location, Hazratganj, Lucknow, Uttar Pradesh 226001",
37,Rovers,0522 400 0969,"Mahatma Gandhi Marg, Raj Bhavan Colony, Hazratganj, Lucknow, Uttar Pradesh 226001",
38,Jone Hing Chinese Restaurant,093357 11772,"Mahatma Gandhi Marg, opp. Hanuman Mandir, Sushanpura, Hazratganj, Lucknow, Uttar Pradesh 226001",
39,Brindavan Restaurant,0522 262 9901,"1A, 1st floor, Sapru Marg, Hazratganj, Lucknow, Uttar Pradesh 226001",
40,Home Sweet Home,099580 95393,"3rd floor, Halwasiya House, 11, M. G. Road, Hazratganj, Lucknow, Uttar Pradesh 226001",
HOTEL MANHATTEN GRAND,,,,
41,,,,
4,9511110328,"Plot No-297, Kanpur Rd, Barabirwa, Jafar Khera, Alambagh, Lucknow, Uttar Pradesh 226005",,
42,T&F cafe,083170 89348,"05, Patel Nagar, Adarsh Nagar, Alambagh, Lucknow, Uttar Pradesh 226005",
43,Meet 4 You cafe,074998 81076,"Eco garden chouraha, 568kha/328, Geetapalli, Lucknow, Uttar Pradesh 226005",
44,Marine Room,092354 26000,"RV2W+J6M, Kanpur - Lucknow Rd, Sector B, Bara Birwa, Alambagh, Lucknow, Uttar Pradesh 226005",
45,Simba Cafe,090261 30792,"B-69, Kanpur - Lucknow Rd, Sector B, Bargawan, LDA Colony, Lucknow, Uttar Pradesh 226012",
46,,,,
47,The Jail Cafe,084005 96000,"A-3/172, Patrakarpuram Crossing Rd, Vidhayak Puram, Vinay Khand 3, Gomti Nagar, Lucknow, Uttar Pradesh 226010",
48,Sardar-Ji-Bakhsh Coffee,073888 89219,"TC-13-V-3/A upper ground floor Vibhuti khand Satya Tower, Gomti Nagar, Lucknow, Uttar Pradesh 226010",
49,Cafe UnPlugged,086040 54741,"5/12, Railway Station Rd, Vinay Khand 5, Gomti Nagar, Lucknow, Uttar Pradesh 226010",
50,Cafe 1991,099352 52525,"2/163, Vivek Khand 2, Gomti Nagar, Lucknow, Uttar Pradesh 226010",
51,Windsor Cafe & Bakery,088082 88885,"Uthariya Chauraha, Plot No. 1/55f, Road, Vineet Khand, Gomti Nagar, Lucknow, Uttar Pradesh 226010",
52,The Chocolate Room,089050 00555,"Food Court, Shop No. K1 & K2 One Awadh Central Mall, 3rd Floor, Vibhuti Khand, Gomti Nagar, Lucknow, Uttar Pradesh 226010",
53,Athena IAS,073796 27333,"1/79, near Mahamana Malviya High School, Vivek Khand 1, Gomti Nagar, Lucknow, Uttar Pradesh 226010",
54,ATS SUCCESS MANTRA,080046 40848,"9, 10, Arvindo Pk Rd, near Munshipuliya, Sector 9, Indira Nagar, Lucknow, Uttar Pradesh 226016",
55,PDS Classes,091259 59662,"13/415, Arvindo Pk Rd, Sector 13, Indira Nagar, Lucknow, Uttar Pradesh 226016",
56,Success Mantra coaching and computer institute,085639 88342,"Kotwali Rd, Chinhat, Lucknow, Uttar Pradesh 226028",
57,Commerce Academy,094154 00889,"14/920, Sector 14, Indira Nagar, Lucknow, Uttar Pradesh 226016",
58,KASA Coaching (Kors and Score Academy),094550 00055,"C-1540, Sector 5, Block C, Indira Nagar, Lucknow, Uttar Pradesh 226016",
59,Chillout Cafe and Disc.,063912 22211,"Kursi Road, Near Gulachin Temple, above Saffron Restraunt, Vikas Nagar, Lucknow, Uttar Pradesh 226021",
60,Sky Mirage Lounge,086012 20033,"5, Drosia Towers, 5, Park Rd, Raj Bhavan Colony, Hazratganj, Lucknow, Uttar Pradesh 226001",
61,Zync Bar & Lounge,063884 68702,"1st floor, Cyber Heights, Kathauta Chauraha Rd, above Sagar Ratna, Vibhuti Khand, Gomti Nagar, Lucknow, Uttar Pradesh 226010",
62,Canaria Restro Lounge,0522 401 4444,"RXWQ+879, Dr Akhilesh Das Gupta Marg, Vipul Khand 5, Vipul Khand, Gomti Nagar, Lucknow, Uttar Pradesh 226010",
63,MT Lounge,096285 24777,"Highland Square, Ram ram bank chauraha, Aliganj, Lucknow, Uttar Pradesh 226024",
64,MOMENTS LOUNGE,0522 424 4474,"S-65, Sector B Rd, Gole Market, Mahanagar, Lucknow, Uttar Pradesh 226006",
65,lalsa restaurant and Lounge,074579 24008,"227105, FF 18 And 19 Faizabad Rd, Lucknow, Uttar Pradesh 227105",
66,Godfather Lounge & disc,079901 11427,"246, Eldeco Greens, Gomti Nagar, Lucknow, Uttar Pradesh 226016",
67,Percussion,0522 410 2727,"2 139, Railway Station Rd, above Indian Bank, Vijay Khand, Vivek Khand 1, Gomti Nagar, Lucknow, Uttar Pradesh 226010",
68,The Darkmoon Lounge,085739 78750,"Purniya Chauraha, Sector H, Sector-A, Aliganj, Lucknow, Uttar Pradesh 226024",
69,TheVault Disc & Lounge,073180 99218,"Hotel Vijay Paradise, Tedhi Pulia Ring Rd, near HP Petrol Pump, Sector 11, Vikas Nagar, Lucknow, Uttar Pradesh 226022",
70,Sheesha Moroccan Lounge,0522 223 7248,"Hotel Deep Palace, Cantonment Rd, Opp Irrigation Office, Husainganj, Lucknow, Uttar Pradesh 226001",
71,Oxygen Cafe,096284 78032,"VXW4+X76, Lohiya Nagar Rd, Sector 2, Vikas Nagar, Lucknow, Uttar Pradesh 226022",
72,Underground Lounge,073939 35000,"544C/65, Tondan Marg, Ahiran Khera, Lucknow, Uttar Pradesh 226003",
73,Ttamaasha Bistro Bar,079916 10111,"4th Floor, Wave Mall, Vibhuti Khand, Gomti Nagar, Lucknow, Uttar Pradesh 226010",
74,Wings Of Fire,086875 55556,"Top Floor, Shri Hari Tower, 4-A, Mira Bai Marg, opp. Sales Tax Office, Narhi, Hazratganj, Lucknow, Uttar Pradesh 226001",
75,ARMA THE LOUNGE AND BUFFET,096964 64400,"behind Era Boy's Hostel, Sarfarazganj, Lucknow, Uttar Pradesh 226003",
76,MT Lounge,096285 24777,"Highland Square, Ram ram bank chauraha, Aliganj, Lucknow, Uttar Pradesh 226024",
77,Limone Lounge,080810 34883,"B-79, Channilal Cir, Sector-C, Mahanagar 2nd Floor, Hotel Uday Raj Palace, Lucknow, Uttar Pradesh 226006",
78,Why So Serious Cafe And Lounge,079054 74508,"12/651, Jama Masjid Rd, Sector 12, Indira Nagar, Lucknow, Uttar Pradesh 226016",
79,Hooki Dooki,073796 25150,"5/1, Dr Akhilesh Das Gupta Marg, Vipul Khand 5, Vipul Khand 6, Vipul Khand, Gomti Nagar, Lucknow, Uttar Pradesh 226010",
DESI LOUNGE RESTAURANT,,,,
80,095597 09693,"2/10, Vastu Khand Rd, Opp Adhra Bank, Vastu Khand, Gomti Nagar, Lucknow, Uttar Pradesh 226010",,
81,Hukkablast,082998 80662,"PLOT NO 30, 31,32, KNO 64, near HERO SHOW ROOM, Balaganj, Baraura Hussain Bari, Lucknow, Uttar Pradesh 226003",
82,The Concept Headquarters,076075 40662,"B-332, Mahanagar, Lucknow, Uttar Pradesh 2260066",
83,Bigg Boss,081154 22322,"B-81, Vibhuti Khand Rd, Vibhuti Khand, Gomti Nagar, Lucknow, Uttar Pradesh 226010",
84,Go Bananas,089487 27488,"VX9W+XXQ, Vibhuti Khand, Gomti Nagar, Lucknow, Uttar Pradesh 226010",
85,Woodpecker,099364 38000,"Level Zero, Hotel Charans Plaza, 11, Habibullah Estate Rd, Hazratganj, Lucknow, Uttar Pradesh 226001",
86,COCO CAFE BY GRS,073886 33926,"Kapoorthala Road, Above HDFC Bank, oppsite nehru baal vatika, Lucknow, Uttar Pradesh 226024",
87,Cafe Zodiaco & family restaurant,078604 45066,"nanak arcade, opp. shivalik International school, near Shani mandir, Hind Nagar, Lucknow, Uttar Pradesh 226012",
88,Hookaurant Lounge & Restaurant,087953 22624,"1st floor, Madhav Tower, Muslim Nagar, Alambagh, Lucknow, Uttar Pradesh 226005",
89,The Late 90s Restaurant & Lounge,0522 434 9955,"No. 11, Habibullah Estate, MG Road, Halwasiya Market, Hazratganj, Lucknow, Uttar Pradesh 226001",
90,BohoBar,097921 07070,"G-21, Ground Floor, Levana Cyber Height, Vibhuti Khand, Gomti Nagar, Lucknow, Uttar Pradesh 226010",
S.N,Name:-,Contact:-,Address:-
91,The Pacific Hut - Family Restaurants in Lucknow,083188 49521,"Opp –CMS Upil, Aishbagh Road, near Tava Restaurant, Lucknow, Uttar Pradesh 226004"
92,Alkash cafe & lounge,0522 363 7521,"2nd floor, Bcc plaza, Tikaitganj, Lucknow, Uttar Pradesh 226004"
93,"Farzi Cafe, Lucknow",090766 00211,"Ground Floor, Rohtas Summit, Vibhuti Khand, Lucknow, Uttar Pradesh 226010"
94,OAKSLAND,070544 44448,"Rooftop, Harshita Complex, Murari Nagar, Shakti Nagar, Indira Nagar, Lucknow, Uttar Pradesh 226016"
95,Jannat,0522 405 9999,"V, Vipul Khand 5, Vipul Khand, Gomti Nagar, Lucknow, Uttar Pradesh 226010"
96,Cafe hide 'n' seek,085460 43219,"Second floor, galaxy health city, opposite dastarkhan, Patrakar Puram, Vivek Khand 2, Gomti Nagar, Lucknow, Uttar Pradesh 226010"
97,Aura Cafe & Resto Bar,099560 11455,"3rd, Fun Republic Mall, Nehru Enclave, Gomti Nagar, Lucknow, Uttar Pradesh 226010"
98,The Cassia Restaurant And Cafe( Babel ),089575 40027,"14/157, near New Power House, Sector 14, Indira Nagar, Lucknow, Uttar Pradesh 226016"
99,Free Spirit,081759 56711,"Mandi Parishad Rd, Vijayipur, Vijaipur Village, Vishesh Khand 2, Gomti Nagar, Lucknow, Uttar Pradesh 226010"
100,Lucknow Sports Shop,099368 73251,"Yahiyaganj Iron Market, Yahiya Ganj Iron Market, near Gurudwara, Kundari Rakabganj, Lucknow, Uttar Pradesh 226018"
101,Pet -O-Mania (P.O.M),074998 88881,"Online Store, Indira Nagar, Lucknow, Uttar Pradesh 226016"
102,Dogs & Pups Pet Shop & Clinic,087992 55500,"3/537, Patrakarpuram Crossing Rd, near Nealkanth Sweets, Vivek Khand 3, Gomti Nagar, Lucknow, Uttar Pradesh 226010"
103,Pets Planet,089604 44416,"Shop No, 3, Park Rd, opp. Allahabad Bank, Raj Bhavan Colony, Hazratganj, Lucknow, Uttar Pradesh 226001"
104,Relite Pet Gallery /Pet Salon /Cat studio,086011 18881,"C-31 Alkapuri, Aliganj Main Rd, opposite Corporation Bank, Ekta Vihar, Sector CS, Aliganj, Lucknow, Uttar Pradesh 226021"
105,Dogs & Pups Pet Shop & Clinic,088539 55500,"Neelgiri Complex, A-238 SHOP NO.5,NAKSHATRA APARTMENT OPP.Kanchan sweets near, Indira Nagar, Lucknow, Uttar Pradesh 226016"
106,Billa Aur Pilla - The Complete Pet Mall,095408 78623,"Block A, A 727, Lekh Raj Marg, near Near convention centre, Block A, Indira Nagar, Lucknow, Uttar Pradesh 226016"
107,Arora Pets Lucknow,087070 30571,"Near DAV College Naka-Hindola, Charbagh, Lucknow, Uttar Pradesh 226004"
108,Dog World- Best Pet Shop,070072 67415,"529GHA/25, Bajrang Nagar, near kamakhya school, Kalyanpur, Lucknow, Uttar Pradesh 226022"
109,PetShop,091408 72008,"45, Laxmanpuri Colony, Indira Nagar, Lucknow, Uttar Pradesh 226016"
110,Furry Friends,093691 48312,"House, no 633/27A, near Yamaha Showroom, Gulzar Colony, Hasangarden Colony, Chinhat, Lucknow, Uttar Pradesh 226028"
111,Royal Pets & Aquarium,091298 24082,"Shop No 53-54, Jeevan Plaza, Viram Khand 5, Gomti Nagar, Lucknow, Uttar Pradesh 226010"
112,Dr A B GARG MULTISPECIALITY CLINIC,098382 37523,"Munshi Pulia, Sector 13, Indira Nagar, Lucknow, Uttar Pradesh 226016"
113,Pankhudi Medical Store,094515 04477,"V2M2+XQJ, Sector 9, Indira Nagar, Lucknow, Uttar Pradesh 226016"
114,Jaiswal Medical Store Lucknow,072755 89131,"Takrohi Market, Yadav market, Sector 11, Indira Nagar, Lucknow, Uttar Pradesh 226016"
115,Doorstep Car Wash (Car4Wash),077840 77840,"Viram Khand, Gomti Nagar, Lucknow, Uttar Pradesh 226010"
116,Kake Di Hatti Lucknow,091199 03678,"Unit/ Shop Number.011 Ground Floor Of Urbanac Business Park, Vibhuti Khand, Gomti Nagar, Lucknow, Uttar Pradesh 226010"
117,Richi Rich Restaurant,080900 12545,"Near, B 2/18,Sector K, Sector K, Purania Chauraha, Ignou, Aliganj, Lucknow, Uttar Pradesh 226002"
118,TAFRI JUNCTION,063892 72829,"LGF, A 1/15, Purniya Chauraha, opposite Police Chowki, Sector H, Sector-A, Aliganj, Lucknow, Uttar Pradesh 226024"
119,Menara Restaurant,063077 53954,"Unnamed Road, Sector Q Rd, Sector Q, Sector-P, Sector B, Aliganj, Lucknow, Uttar Pradesh 226024"
120,Tamil Nadu Dosa Point,063071 59004,"12, Lucknow, Uttar Pradesh 226024"
121,Sign In Cafe,080907 01654,"B-35, Beli Garad Chauraha Main Rd, Sector H, Sector-A, Sector L, Aliganj, Lucknow, Uttar Pradesh 226024"
122,The Rich Table,,"Aishwarya Plaza, Basement, Chanrapath Rd, Sector H, Sector-A, Aliganj, Lucknow, Uttar Pradesh 226024"
123,Amritsari Haveli,091517 77117,"Plot no.5, 4th floor, near, Purniya Chauraha, opposite Kendriya Bhawan, Sector E, Aliganj, Lucknow, Uttar Pradesh 226024"
124,Darling Dimsum (Aliganj),072755 24419,"C-43, opposite Pashupati Hospital, near Kendriya Bhawan, Sector H, Sector-A, Aliganj, Lucknow, Uttar Pradesh 226024"
125,Loafers point,099188 12728,"near Mishra study points, Sector Q, Sector-A, Sector K, Aliganj, Lucknow, Uttar Pradesh 226024"
126,Dreamy Delicacies Restaurant and Banquet,070809 03261,"1/7, Kursi Rd, Sector 1, Vikas Nagar, Lucknow, Uttar Pradesh 226022"
127,Lucknow Local,083686 13745,"7/5 Church road Vishnupuri, Aliganj, Lucknow, Uttar Pradesh 226022"
128,Friendli’z,094542 01111,"4, Mandir Park Rd, near Tilak Vidhalaya, Mahanagar Extension, Dandiya Bazar, Aliganj, Lucknow, Uttar Pradesh 226006"
129,Dream Art Cafe - Aliganj,070801 51118,"B22, Sector-A, Sector K, Aliganj, Lucknow, Uttar Pradesh 226024"
130,Shyam Swaad Mithai Shop,099841 02323,"B40, Aliganj Main Road, near Kendriya Vidyalaya, Sector-P, Aliganj, Lucknow, Uttar Pradesh 226024"
131,Faasos Aliganj,077000 20020,"Plot No 14/A, Sector KS, Ward Mahakavi Jai Shankar Prasad, Sitapur Road, Aliganj Scheme, Uttar Pradesh 226020"
132,Maharaja Chaap,091887 41112,"1, Sector N, Aliganj, Lucknow, Uttar Pradesh 226024"
133,New south indian dosa restaurant,093056 55966,"VWVV+V36, B-69, Sector H, Sector-A, Aliganj, Lucknow, Uttar Pradesh 226024"
134,Cafe Godown,0522 495 3018,"B-64, Kapoorthala Road, Chandralok, Lucknow, Uttar Pradesh 226024"
135,Momomia Kapoorthala Aliganj Lucknow,083031 84291,"Chota Shekhpura, kapoorthala, Kapoorthala Road, next to Burma biscuit company, Aliganj, Lucknow, Uttar Pradesh 226024"
136,Sher-E-Punjab Dhaba,088743 28191,"VWJW+QJ7, Kapoorthla, Bara Chandganj, Sector A, Chandralok, Lucknow, Uttar Pradesh 226024"
137,bhojnic restaurant,093697 10570,"B-1/1, L Rd, Kapoorthla, Bara Chandganj, Mahanagar, Lucknow, Uttar Pradesh 226024"
138,Boons Restaurant,0522 355 4965,"120-A, Ravindra Garden Rd, Sector E, Aliganj, Lucknow, Uttar Pradesh 226024"
139,The Black Buck Cafe,0522 430 0055,"A-1/14, Sector H, Sector-A, Aliganj, Lucknow, Uttar Pradesh 226024"
140,Maharaja Chaap,088741 11213,"C, Mahanagar, 44, near Fatima Hospital, Mahanagar, Lucknow, Uttar Pradesh 226006"
141,Chandra Institue Lucknow,094587 27424,"1st Floor Sate Bank Ke Upar, Kapoorthla, Chauraha, Lucknow, Uttar Pradesh 226020"
142,Bhoomi IAS,070817 16666,"2/15, Vineet Khand, Khatri Bhawan, near Jaipuria School, Gomti Nagar, Lucknow, Uttar Pradesh 226010"
143,Excellent Classes,098387 58289,"Singh Tower, IInd Floor, near Rani Laxmi Bai School (RLB, Sector 3, Vikas Nagar, Lucknow, Uttar Pradesh 226022"
144,CAREER CAPITAL,078003 77077,"B 1 / 160, Opp IHM (Institute of Hotel Management, Sector G, Aliganj, Lucknow, Uttar Pradesh 226024"
145,IMS Lucknow,097924 18583,"Kapoorthala Road 2nd Floor, Ramanand Trade Centre, above Spencers, Aliganj, Lucknow, Uttar Pradesh 226020"
146,Narayan Academy,094526 81664,"2nd floor, FI Plaza, near, Sai Mandir Fly Over, near Sai Mandir, Kapoorthla, Bara Chandganj, Sector A, Chandralok, Lucknow, Uttar Pradesh 226024"
147,Aim The Vision,073478 34373,"F-1/34, in front of Good Bakery, Karamat Market, Railway Colony, Nishat Ganj, Lucknow, Uttar Pradesh 226006"
148,DELTA-4 INSTITUTION,085739 84444,"16/1457, BACKSIDE OF, Sukh Complex, Indira Nagar Rd, near MUNSHI PULIYA, Sector 16, Indira Nagar, Lucknow, Uttar Pradesh 226016"
149,SHARDA IAS,094536 27059,"Raj Palace, A1/15, Purania Chauraha, Sector H, Sector-A, Aliganj, Lucknow, Uttar Pradesh 226024"
150,S.B. INSTITUTE,"B1/292, Sector G Jankipuram, near Lps school, above ICICI Bank, Sector G, Jankipuram, Lucknow, Uttar Pradesh 226021","B1/292, Sector G Jankipuram, near Lps school, above ICICI Bank, Sector G, Jankipuram, Lucknow, Uttar Pradesh 226021"
151,Koshika Academy,078003 69292,"AANCHALIK VIGYAN KENDRA, Koshika ACADEMY, above Bhoomi IAS, behind LOK SEVA AYOG, Sector D, Aliganj, Lucknow, Uttar Pradesh"
152,1729 Classes CAT|XAT|GMAT,079852 23583,"B-102, Bhoothnath Market, Sector 5, Indira Nagar, Lucknow, Uttar Pradesh 226016"
153,Maa Academy Lucknow,073100 10046,"Near, Purniya Chauraha, behind UPPSC HALL, Sector D, Aliganj, Lucknow, Uttar Pradesh 226024"
154,GuruMantra Coaching,098382 09100,"C-8, Sector, Kapoorthla, Aliganj, Lucknow, Uttar Pradesh 226024"
155,iNsight Classes,079054 31059,"B1-65, sector -P, near shyam swad restaurant, Beligarad, Aliganj, Lucknow, Uttar Pradesh 226026"
156,Pathshala institute,063937 16045,"Lekhraj khajana 3rd floor Lekhraj metro station, Faizabad Rd, Indira Nagar, Lucknow, Uttar Pradesh 226016"
157,Raghuvanshi Institute,091403 03022,"3rd Floor Raghuvanshi Campus, Kaysons Lane, Near Canara Bank Main Branch, Nawal Kishore Road, Hazratganj, Lucknow, Lucknow, Uttar"
158,Sharma Classes,098898 92193,"56 C, Manak Nagar Station Road, Sheth Ghannumal Rd, Singar Nagar, Alambagh, Lucknow, Uttar Pradesh 226017"
159,Mourya Technichal Classess,088878 39689,"ͧशखर IAS वालģ Òबिãडंग मŅ, नहर चौराहे से 20 कदम VIP रोड, मेĚो èटेशन , नहÐरया , Singar Nagar, Alambagh, Lucknow, Uttar Pradesh 226005"
160,Elision Coaching Institute,063882 78774,"544, 1017, Campbell Rd, near BSD Academy, Ekta Nagar, Baraura Hussain Bari, Lucknow, Uttar Pradesh 226003"
161,Nirmaan Institute,092369 19025,"Parasar Coaching Campus, Ambedkar Chauraha, Muslim Nagar, Alambagh, Lucknow, Uttar Pradesh 226005"
162,Zenith Classes /job launcher,099367 10138,"M-46, Indralok Market Krishna Nagar Near New Public School, Uttar Pradesh 226023"
163,Sankalp Coaching Centre,099186 07590,"Indian Bank, H. No. 08, Block-D, Sharda Enclave, Sainik Nagar, Land Mark, Lucknow, Uttar Pradesh 226002"
164,FundaMakers,095983 33344,"KBC 13 Vishwakarma Tower , Behind Fish Gallery Near Phoenix Mall, Barabirwa, Alambagh, Lucknow, Uttar Pradesh 226012"
165,Grandeurs Bakery & Cafe,096287 70134,"C-2/16, Vikaskhand 2, Vikas Khand, Gomti Nagar, Lucknow, Uttar Pradesh 226003"
166,Furry Tales Cafe,079054 71908,"5/136, Vipul Khand 5, Vipul Khand 6, Vipul Khand, Gomti Nagar, Lucknow, Uttar Pradesh 226010"
167,Pack 'N' Chew,088742 06273,"2/30, Vijay Khand Rd, near Mithaiwala Crossing, Vijay Khand, Ujariyaon, Vijay Khand 2, Gomti Nagar, Lucknow, Uttar Pradesh 226010"
168,Be The Beer,091406 77938,"A110, 1st Floor, Cyber Heights, VibhutiKhand, Gomti Nagar Rd, above Nexa Showroom, Vibhav Khand, Lucknow, Uttar Pradesh 226010"
169,180 Chocoxpress,085746 85093,"4/47, Vivek Khand, Patrakar Puram Rd, opp. Kendriya Vidyalaya, Vivek Khand 4, Gomti Nagar, Lucknow, Uttar Pradesh 226010"
170,The Basil House,091101 89307,"near Hahnemann Road, Viraj Khand, Gomti Nagar, Lucknow, Uttar Pradesh 226010"
171,Marine Drive Cafe,082997 85894,"Marine Dr, Jiamau, Lucknow, Uttar Pradesh 226010"
172,Cafe Delhi Heights,078000 54033,"RiverSide Mall, 3, Vipin Khand, Gomti Nagar, Lucknow, Uttar Pradesh 226010"
173,SOHO7 Cafe and Bistro,,"3/71,First Floor, Vivek Khand 2, Gomti Nagar, Lucknow, Uttar Pradesh 226010"
174,IRANI KAFE 2.7,091511 33343,"A1, 22, Patrakar Puram Rd, Viram Khand 1, Gomti Nagar, Lucknow, Uttar Pradesh 226010"
175,Pomona Orchard,0522 431 3682,"3/16, Upper Ground Floor, Vinay Khand 3, Gomti Nagar, Lucknow, Uttar Pradesh 226010"
176,Healthy Panda,091618 88811,"C, Upper Ground Floor, Chandrasekhar Azad Chowk, B-1/55, Shaheed Path, beside Mr.Brown, Vineet Khand, Gomti Nagar, Lucknow, Uttar Pradesh 226010"
177,Apna Cafe,093057 58304,"M 6, Apna Bazaar, Gomti Nagar, Vibhuti Khand, Lucknow, Uttar Pradesh 226010"
178,Kulhad Cafe,089797 02246,"529/448A, New Rahim Nagar, Lucknow, Uttar Pradesh 226016"
179,The Cakestation bakers & cafe,091618 88459,"Virat Khand, Gomti Nagar, Lucknow, Uttar Pradesh 226010"
180,Coffee Dude (Indiranagar),098383 36014,"B-5/156, Church Rd, Sector 5, Indira Nagar, Lucknow, Uttar Pradesh 226016"
181,HEALTH PLUS DIAGNOSTIC AND IMAGING CENTER,9336351002,"M J Grand, health plus diagnostic 2/478 VIBHAV KHAND, LAWN, Gomti Nagar, Lucknow, Uttar Pradesh 226010"
S.N,Name:-,Contact:-,Address:-
182,CORE Diagnostics Lucknow,8400568460,"624V/158, Kathautha Road, near Union Bank, Vijayipur, Vijaipur Village, Vishesh Khand 2, Gomti Nagar, Lucknow, Uttar Pradesh 226010"
183,SB DIAGNOSTICS CENTER,7317700500,"CP 198, behind Singapore Mall Road, near SAMJI MANDI, Viraj Khand-4, Viraj Khand, Gomti Nagar, Lucknow, Uttar Pradesh 226010"
184,Atlantis Diagnostic Centre,9044044087,"1st Floor, Cyber Heights, TC/G-2/2 & TC/G-5/5, Vibhuti Khand, Gomti Nagar, Lucknow, Uttar Pradesh 226010"
185,Rajeev Metro Diagnostics Centre,9455599595,"17/1, RMDC, Lucknow - Sitapur Rd, Sector 17, Chandanapur, Indira Nagar, Lucknow, Uttar Pradesh 226016"
186,Om Shree Diagnostics Center,9936238964,"3/9, Near Patrakar Puram Sai Mandir, Vinay Khand 3, Gomti Nagar, Lucknow, Uttar Pradesh 226010"
187,Dr Saumya's Diagnostics,9453014378,"1 78, Railway Station Rd, Vivek Khand 1, Gomti Nagar, Lucknow, Uttar Pradesh 226010"
188,DKH Diagnostics,5224046116,"2/8, Shaheed Path, Vineet Khand 2, Gomti Nagar, Lucknow, Uttar Pradesh 226010"
189,SRL Diagnostic Gomtinagar,9696404024,"2/79, Vikrant Khand- 2, Vikrant Khand, Gomti Nagar, Lucknow, Uttar Pradesh 226010"
190,Icon diagnostic centre,8115370791,"10/8/1, near Arvindo Park Road, Sector 10, Indira Nagar, Lucknow, Uttar Pradesh 226016"
191,Medi Square Labs,5224008600,"1/6 Basement, near Kathauta Petrol Pump, Vinamra Khand, Gomti Nagar, Lucknow, Uttar Pradesh 226010"
192,Sai Diagnostic Centre,9695520000,"VX9X+XQX, Mandi Parishad Rd, opp. RML Hospital, Yadav Market, Vibhuti Khand, Gomti Nagar, Lucknow, Uttar Pradesh 226010"
193,Aatreya Diagnostic Centre,9151005091,"D-2/41, Vibhuti Khand, Gomti Nagar, Lucknow, Uttar Pradesh 226010"
194,Promila Diagnostic Center,9415141027,"Shanti Complex, Faizabad Rd, near Lekhraj Metro Station, Murari Nagar, Indira Nagar, Lucknow, Uttar Pradesh 226016"
195,Venus Diagnostic Center,8736823662,"V292+C2R, Indra Gandhi Pratisthan Road Back side Ram Manohar Lohiya Hospital, Vibhuti Khand, Gomti Nagar, Lucknow, Uttar Pradesh 226010"
196,Soniya Diagnostic Centre,9026728491,"3/39, Vijay Khand, Vijay Khand, Near Mithaiwala Chauraha, Gomti Nagar, Lucknow, Uttar Pradesh 226010"
197,Real Diagnostic,9415617483,"Vishal Khand 3, Vikaskhand 4, Vishal Khand - 3, Vikas Khand, Gomti Nagar, Lucknow, Uttar Pradesh 226010"
198,Newgen Health care center,7607070149,"Shop No 38, Jeevan Plaza Rd, Viram Khand 5, Gomti Nagar, Lucknow, Uttar Pradesh 226010"
199,Thukral Diagnostic Centre Pvt Ltd,7887091166,"M-1/10, near Indian oil building, opposite Old RTO office, Kapoorthla, Sector B, Aliganj, Lucknow,"
200,Lord Diagnostic Centre,9999070435,"1/92, Malhaur Railway Station Road, Vikalp Khand, Chinhat, Lucknow, Uttar Pradesh 226010"
201,Atlantis Diagnostic Centre,9044044087,"1st Floor, Cyber Heights, TC/G-2/2 & TC/G-5/5, Vibhuti Khand, Gomti Nagar, Lucknow, Uttar"
202,Park Diagnostic Centre,5222236616,"Sector 4, Gomti Nagar, Lucknow, Uttar Pradesh 226010"
203,K FITNESS,084006 74754,"2/18, near CHANDAN HOSPITAL, Vijayant Khand, Gomti Nagar, Lucknow, Uttar Pradesh 226010"
204,The Beast Unisex Gym,081818 12020,"N H TOWER SECTOR-9 SECOND FLOOR, Uttar Pradesh 226016"
205,Fitness First unisex gym,078976 66668,"12/652, Jama Masjid Rd, Sector 12, Indira Nagar, Lucknow, Uttar Pradesh 226016"
206,Ultimate fitness gym & spa,098387 17866,"C-328, Block C Sant Birbal Das Chauraha, Aravali Marg, Block C, Indira Nagar, Lucknow, Uttar Pradesh 226016"
207,Chandra health club Gym,077549 21701,"L-40, Sector 14, Indira Nagar, Lucknow, Uttar Pradesh 226016"
208,Sweat & Blood Fitness Centre,093357 74729,"Manas Vihar, Plot no 38, near Mushipulia, near laxmi palace, Chandanapur, Indira Nagar, Lucknow, Uttar Pradesh 226016"
209,K FITNESS,084006 74754,"2/18, near CHANDAN HOSPITAL, Vijayant Khand, Gomti Nagar, Lucknow, Uttar Pradesh 226010"
210,NO DAYS OFF FITNESS,074089 60033,"JP complex, Kishori Lal chauraha, Shankarpuri Colony, Harihar Nagar, Indira Nagar, Lucknow, Uttar Pradesh 226028"
211,FAT TO FIT,076682 63541,"15/86, Nh-24a, Sector 15, Block D, Indira Nagar, Lucknow, Uttar Pradesh 226016"
212,K FITNESS,096517 86786,"Agarwal Plaza, 2/6, Aravali Marg, Block C, Indira Nagar, Lucknow, Uttar Pradesh 226016"
213,The Beast Unisex Gym,073101 01037,"Ambedkar Chauraha, Takrohi Rd, Indira Nagar, Lucknow, Uttar Pradesh 226016"
214,Fitness First unisex gym,082991 81577,"opposite Allahabad Bank, near Ambedkar Chauraha, Shivaji Puram, Takrohi, Indira Nagar, Lucknow, Uttar Pradesh 226016"
215,Ultimate fitness gym & spa,095657 63888,"656/8/p-003, maikale road, kanchana bihari marg. kalyanpur, Raj Vihar, Kalyanpur (West), Lucknow, Uttar Pradesh 226022"
216,Chandra health club Gym,082991 81577,"opposite Allahabad Bank, near Ambedkar Chauraha, Shivaji Puram, Takrohi, Indira Nagar, Lucknow, Uttar Pradesh 226016"
217,Sweat & Blood Fitness Centre,094509 70407,"B-1655, Indira Nagar Main Rd, opposite Sai Mandir, B Block, Indira Nagar, Lucknow, Uttar Pradesh 226016"
218,K FITNESS,9797788883,"1st floor, Paradise tower, Opp Pani Gaon Palace, Munshi Pulia, Indira Nagar, Lucknow, Uttar Pradesh 226016"
219,NO DAYS OFF FITNESS,086874 51945,"17/9A, Sector 17, trishul vihar, Chandanapur, Indira Nagar, Lucknow, Uttar Pradesh 226016"
220,FAT TO FIT,081818 12020,"N H TOWER SECTOR-9 SECOND FLOOR, Uttar Pradesh 226016"
221,K FITNESS,080814 41991,"Sector 8, Ismailganj, Indira Nagar, Lucknow, Uttar Pradesh 226016"
222,The Beast Unisex Gym,070075 52746,"4/604, Vijayant Khand, Gomti Nagar, Lucknow, Uttar Pradesh 226010"
223,Fitness First unisex gym,073095 29007,"V2C8+4FX, 1/306, Vikrant Khand -1, Vikrant Khand, Gomti Nagar, Lucknow, Uttar Pradesh 226010"
225,Thor The gym,096282 24428,"Chauhan plaza, Krishna Vihar Colony Faizabad Road, NH 30, near v-mart, Chinhat, Lucknow, Uttar Pradesh 227105"
226,Calibre Fitness,6393873943,"4/119, near Mantri Awas, Vibhav Khand -3, Vibhav Khand, Gomti Nagar, Lucknow, Uttar Pradesh 226010"
227,FIT FOR YOU,8354855568,"3 A/4, near RLB School, Sector 3-A, Sector 3, Vikas Nagar, Lucknow, Uttar Pradesh 226022"
228,Excel Gym,084000 00458,"Main Anna Market dudauli road, Sitapur Rd, Preeti Nagar, Lucknow, Uttar Pradesh 226020"
229,GM GYM,9453326595,"GM GYM, behind Sahara States, Sector D, Jankipuram, Lucknow, Uttar Pradesh 226021"
230,New Body Line Gym,098399 75436,New Body Line Gym
231,Urban Athletes.,0522 423 4007,"9/301/7, Church Rd, near K K Palace, Sector 9, Vikas Nagar, Lucknow, Uttar Pradesh 226022"
232,Fusion Fitness,089606 22200,"B-975, Narayan Prasad Marg, near Tulsi Ganga Mandap, Karmabhoomi, Sector A, Mahanagar, Lucknow, Uttar Pradesh 226006"
233,Bajrang fitness center,080901 98204,"226005, Kailashpuri, Pawanpuri, Alambagh, Lucknow, Uttar Pradesh 226005"
234,Excer's Chandrapal GYM,094157 98550,"near Brijwasi bakery, Gopal Nagar, Krishna Nagar, Alambagh, Lucknow, Uttar Pradesh 226023"
235,THE BRAWN,070073 61940,"216 vijay nagar colony, Kanpur Rd, near TECHNICAL HIGH SCHOOL, Lucknow, Uttar Pradesh 226023"
236,Bobby's Club 521,094157 97299,"RVQG+664, Block F, Rajajipuram, Lucknow, Uttar Pradesh 226017"
237,Shredzz Gym,075239 36768,"Plot no -14 & 15, near ERA medical college, Sarfarazganj, Lucknow, Uttar Pradesh 226003"
238,Fit Life GYM,097212 86629,"Near, Arya Nagar Khoya Mandi, Naka chauraha, Lucknow, Uttar Pradesh 226004"
239,Shiva Academy,098393 26421,"1st Floor , Old R.t.o Compound, Gautam Budh Marg, Latouche Rd, Lucknow, Uttar Pradesh 226018"
240,Evolution Fitness,091181 81764,"546/34P, Malihabad Rd, Satyapuram Colony, Azad Nagar, Sarfarazganj, Lucknow, Uttar Pradesh 226003"
241,Spartan unisex gym,084710 66879,"Campbell Rd, Balaganj, Lucknow, Uttar Pradesh 226017"
242,Ladies Gym - Homies Fitness Point,091406 54534,"F 3285, near Deshbharti School, Rajajipuram, Lucknow, Uttar Pradesh 226017"
243,Power Crossfit Gym,090768 14367,"548/C-140, Chandrodaya nagar, near suryanagar, crossing, Rajajipuram, Lucknow, Uttar Pradesh 226017"
244,The Dad's Gym,072380 06630,"Sneh Nagar Road, Near, VIP Rd, Alambagh, Lucknow, Uttar Pradesh 226005"
245,Ranjeet's Recreation Gym,086046 07954,"Devpur, Rajajipuram, Lucknow, Uttar Pradesh 226017"
246,Fit India Body And Health Care Center,084000 00648,"2nd Floor, Napier Plaza, Near Doodh Mandi, Hardoi Road, Napier Plaza Colony, Chowk, Lucknow, Uttar Pradesh 226003"
247,Strength World Gym,093353 22819,"Strength World Gym, Keshav Nagar, Ploice chowki, Lucknow, Uttar Pradesh 226020"
248,Bhai ka gym,090441 65741,"Nazneen Plaza, 391/26, Chhote Sahab Alam Rd, New Najaf Rustam Nagar, Katra Bizanbeg, Chowk, Lucknow, Uttar Pradesh 226003"
249,Arham's Gym,095322 22206,"1st floor, 44-B, Cantonment Rd, Near--Barlinton Chauraha, Murli Nagar, Udaiganj, Husainganj, Lucknow, Uttar Pradesh 226001"
250,FIGURE & FITNESS 24 X 7 GYM,093058 64573,"kk Complex khazana Chuaraha, Ashiyana, Lucknow, Uttar Pradesh 226012"
251,Limitless Fitness Gym,070075 69200,"Shaubhagya Complex, Sector I, Ashiyana, Lucknow, Uttar Pradesh 226012"
252,AK Fitness,072751 30630,"592K/725 khan market, Telibagh, Lucknow, Uttar Pradesh 226002"
253,Surya fitness club,090442 72314,"Vikas Ln, Gopeshkunj, Sector 6C, Neel Matha, Lucknow, Uttar Pradesh 226002"
254,Kamya Body Care,099521 64919,"QWPR+H8F, Raebareli Road, Raebareily Road, near Corporation Bank, Gandhi Nagar, Telibagh, Lucknow, Uttar Pradesh 226002"
255,Asha Oral And Dental Clinic,098895 44451,"14/903, Sector 14, Indira Nagar, Lucknow, Uttar Pradesh 226016"
256,Dr Rizvi's Dental Clinic,0522 317 4063,"Dr Rizvi's Skin & Dental Clinic ® |, 14/43, near Balaji Medical store, Sector 14, Indira Nagar, Lucknow, Uttar Pradesh 226016"
257,Shine Dental clinic-,084004 85555,"30-31Sukh Complex, Munsi Pulia, Munshi Pulia, Sector 16, Indira Nagar, Lucknow, Uttar Pradesh 226016"
258,Teethos Dental Clinic & Implant Center,088818 77999,"10/8/1, below Icon Diagnostic Centre, Sector 10, Indira Nagar, Lucknow, Uttar Pradesh 226016"
259,Shweta,088581 42944,"Parvati Palace, Munshi Pulia, Sector 16, Indira Nagar, Lucknow, Uttar Pradesh 226016"
260,Smile Dental Care,080909 40616,"Prem Plaza, Front Of Pani Ki Tanki, Sec 14, Takrohi Rd, Sector 14, Indira Nagar, Lucknow, Uttar Pradesh 226016"
261,,,
262,,,
263,,,
264,,,
265,,,
266,,,
267,,,
268,,,
S.N,Name:-,Contact:-,Address:-
269,,,
270,,,
271,,,
272,,,
273,,,
274,,,
275,,,
276,,,
277,,,
278,,,
279,,,
280,,,
281,,,
282,,,
283,,,
284,,,
285,,,
286,,,
287,,,
288,,,
289,,,
290,,,
291,,,
292,,,
293,,,
294,,,
295,,,
296,,,
297,,,
298,,,
299,,,
300,,,
301,,,
302,,,
303,,,
304,,,
305,,,
306,,,
307,,,
308,,,
309,,,
310,,,
311,,,
312,,,
313,,,
314,,,
315,,,
316,,,
317,,,
318,,,
319,,,
320,,,
321,,,
322,,,
323,,,
324,,,
325,,,
326,,,
327,,,
328,,,
329,,,
330,,,
331,,,
332,,,
333,,,
334,,,
335,,,
336,,,
337,,,
338,,,
339,,,
340,,,
341,,,
342,,,
343,,,
344,,,
345,,,
346,,,
347,,,
348,,,
349,,,
350,,,
351,,,
352,,,
353,,,
354,,,
355,,,
356,,,
357,,,
358,,,
359,,,
S.N,Name:-,Contact:-,Address:-
360,,,
361,,,
362,,,
363,,,
364,,,
365,,,
366,,,
367,,,
368,,,
369,,,
370,,,
371,,,
372,,,
373,,,
374,,,
375,,,
376,,,
377,,,
378,,,
379,,,
380,,,
381,,,
382,,,
383,,,
384,,,
385,,,
386,,,
387,,,
388,,,
389,,,
390,,,
391,,,
392,,,
393,,,
394,,,
395,,,
396,,,
397,,,
398,,,
399,,,
400,,,
401,,,
402,,,
403,,,
404,,,
405,,,
406,,,
407,,,
408,,,
409,,,
410,,,
411,,,
412,,,
413,,,
414,,,
415,,,
416,,,
417,,,
418,,,
419,,,
420,,,
421,,,
422,,,
423,,,
424,,,
425,,,
426,,,
427,,,
428,,,
429,,,
430,,,
431,,,
432,,,
433,,,
434,,,
435,,,
436,,,
437,,,
438,,,
439,,,
440,,,
441,,,
442,,,
443,,,
444,,,
445,,,
446,,,
447,,,
448,,,
449,,,
450,,,
S.N,Name:-,Contact:-,Address:-
451,,,
452,,,
453,,,
454,,,
455,,,
456,,,
457,,,
458,,,
459,,,
460,,,
461,,,
462,,,
463,,,
464,,,
465,,,
466,,,
467,,,
468,,,
469,,,
470,,,
471,,,
472,,,
473,,,
474,,,
475,,,
476,,,
477,,,
478,,,
479,,,
480,,,
481,,,
482,,,
483,,,
484,,,
485,,,
486,,,
487,,,
488,,,
489,,,
490,,,
491,,,
492,,,
493,,,
494,,,
495,,,
496,,,
497,,,
498,,,
499,,,
500,,,
501,,,
S.N,Name:-,Contact:-,Address:-
S.N,Name:-,Contact:-,Address:-
S.N,Name:-,Contact:-,Address:-
S.N,Name:-,Contact:-,Address:-
S.N,Name:-,Contact:-,Address:-
